{"cameraMode":{"drawMode":0,"name":"Shaded","section":"Shading Mode"},"sceneLighting":true,"audioPlay":false,"sceneViewState":{"m_AlwaysRefresh":false,"showFog":true,"showSkybox":true,"showFlares":true,"showImageEffects":true,"showParticleSystems":true,"showVisualEffectGraphs":true,"m_FxEnabled":true},"in2DMode":false,"pivot":{"x":-0.2897019386291504,"y":1.1423062086105347,"z":-0.2699577808380127},"rotation":{"x":-0.06445952504873276,"y":0.9087737202644348,"z":-0.15301398932933808,"w":-0.38283050060272219},"size":2.3797996044158937,"orthographic":false}